DriverNumber,BroadcastName,Abbreviation,DriverId,TeamName,TeamColor,TeamId,FirstName,LastName,FullName,HeadshotUrl,CountryCode,Position,ClassifiedPosition,GridPosition,Q1,Q2,Q3,Time,Status,Points,Location,session
4,L NORRIS,NOR,norris,McLaren,FF8000,mclaren,Lando,Norris,Lando Norris,https://media.formula1.com/d_driver_fallback_image.png/content/dam/fom-website/drivers/L/LANNOR01_Lando_Norris/lannor01.png.transform/1col/image.png,GBR,1.0,,,0 days 00:01:30.944000,0 days 00:01:24.844000,0 days 00:01:23.405000,,,,Yas Island,Q
63,G RUSSELL,RUS,russell,Mercedes,27F4D2,mercedes,George,Russell,George Russell,https://media.formula1.com/d_driver_fallback_image.png/content/dam/fom-website/drivers/G/GEORUS01_George_Russell/georus01.png.transform/1col/image.png,GBR,2.0,,,0 days 00:01:29.121000,0 days 00:01:26.307000,0 days 00:01:23.578000,,,,Yas Island,Q
22,Y TSUNODA,TSU,tsunoda,RB,6692FF,rb,Yuki,Tsunoda,Yuki Tsunoda,https://media.formula1.com/d_driver_fallback_image.png/content/dam/fom-website/drivers/Y/YUKTSU01_Yuki_Tsunoda/yuktsu01.png.transform/1col/image.png,JPN,3.0,,,0 days 00:01:29.172000,0 days 00:01:26.464000,0 days 00:01:24.111000,,,,Yas Island,Q
31,E OCON,OCO,ocon,Alpine,0093cc,alpine,Esteban,Ocon,Esteban Ocon,https://media.formula1.com/d_driver_fallback_image.png/content/dam/fom-website/drivers/E/ESTOCO01_Esteban_Ocon/estoco01.png.transform/1col/image.png,FRA,4.0,,,0 days 00:01:29.171000,0 days 00:01:26.206000,0 days 00:01:24.475000,,,,Yas Island,Q
30,L LAWSON,LAW,lawson,RB,6692FF,rb,Liam,Lawson,Liam Lawson,None,NZL,5.0,,,0 days 00:01:30.758000,0 days 00:01:25.654000,0 days 00:01:24.484000,,,,Yas Island,Q
16,C LECLERC,LEC,leclerc,Ferrari,E80020,ferrari,Charles,Leclerc,Charles Leclerc,https://media.formula1.com/d_driver_fallback_image.png/content/dam/fom-website/drivers/C/CHALEC01_Charles_Leclerc/chalec01.png.transform/1col/image.png,MON,6.0,,,0 days 00:01:29.839000,0 days 00:01:26.097000,0 days 00:01:24.525000,,,,Yas Island,Q
23,A ALBON,ALB,albon,Williams,64C4FF,williams,Alexander,Albon,Alexander Albon,https://media.formula1.com/d_driver_fallback_image.png/content/dam/fom-website/drivers/A/ALEALB01_Alexander_Albon/alealb01.png.transform/1col/image.png,THA,7.0,,,0 days 00:01:29.072000,0 days 00:01:24.657000,0 days 00:01:24.657000,,,,Yas Island,Q
81,O PIASTRI,PIA,piastri,McLaren,FF8000,mclaren,Oscar,Piastri,Oscar Piastri,https://media.formula1.com/d_driver_fallback_image.png/content/dam/fom-website/drivers/O/OSCPIA01_Oscar_Piastri/oscpia01.png.transform/1col/image.png,AUS,8.0,,,0 days 00:01:30.114000,0 days 00:01:24.686000,0 days 00:01:24.686000,,,,Yas Island,Q
14,F ALONSO,ALO,alonso,Aston Martin,229971,aston_martin,Fernando,Alonso,Fernando Alonso,https://media.formula1.com/d_driver_fallback_image.png/content/dam/fom-website/drivers/F/FERALO01_Fernando_Alonso/feralo01.png.transform/1col/image.png,ESP,9.0,,,0 days 00:01:30.207000,0 days 00:01:28.998000,0 days 00:01:28.998000,,,,Yas Island,Q
18,L STROLL,STR,stroll,Aston Martin,229971,aston_martin,Lance,Stroll,Lance Stroll,https://media.formula1.com/d_driver_fallback_image.png/content/dam/fom-website/drivers/L/LANSTR01_Lance_Stroll/lanstr01.png.transform/1col/image.png,CAN,10.0,,,0 days 00:01:30.580000,0 days 00:01:26.334000,,,,,Yas Island,Q
77,V BOTTAS,BOT,bottas,Kick Sauber,52e252,sauber,Valtteri,Bottas,Valtteri Bottas,https://media.formula1.com/d_driver_fallback_image.png/content/dam/fom-website/drivers/V/VALBOT01_Valtteri_Bottas/valbot01.png.transform/1col/image.png,FIN,11.0,,,0 days 00:01:30.633000,0 days 00:01:26.472000,,,,,Yas Island,Q
1,M VERSTAPPEN,VER,max_verstappen,Red Bull Racing,3671C6,red_bull,Max,Verstappen,Max Verstappen,https://media.formula1.com/d_driver_fallback_image.png/content/dam/fom-website/drivers/M/MAXVER01_Max_Verstappen/maxver01.png.transform/1col/image.png,NED,12.0,,,0 days 00:01:28.522000,0 days 00:01:27.771000,,,,,Yas Island,Q
11,S PEREZ,PER,perez,Red Bull Racing,3671C6,red_bull,Sergio,Perez,Sergio Perez,https://media.formula1.com/d_driver_fallback_image.png/content/dam/fom-website/drivers/S/SERPER01_Sergio_Perez/serper01.png.transform/1col/image.png,MEX,13.0,,,0 days 00:01:30.035000,0 days 00:01:28.158000,,,,,Yas Island,Q
55,C SAINZ,SAI,sainz,Ferrari,E80020,ferrari,Carlos,Sainz,Carlos Sainz,https://media.formula1.com/d_driver_fallback_image.png/content/dam/fom-website/drivers/C/CARSAI01_Carlos_Sainz/carsai01.png.transform/1col/image.png,ESP,14.0,,,0 days 00:01:30.303000,0 days 00:01:29.406000,,,,,Yas Island,Q
10,P GASLY,GAS,gasly,Alpine,0093cc,alpine,Pierre,Gasly,Pierre Gasly,https://media.formula1.com/d_driver_fallback_image.png/content/dam/fom-website/drivers/P/PIEGAS01_Pierre_Gasly/piegas01.png.transform/1col/image.png,FRA,15.0,,,0 days 00:01:29.420000,0 days 00:01:29.614000,,,,,Yas Island,Q
44,L HAMILTON,HAM,hamilton,Mercedes,27F4D2,mercedes,Lewis,Hamilton,Lewis Hamilton,https://media.formula1.com/d_driver_fallback_image.png/content/dam/fom-website/drivers/L/LEWHAM01_Lewis_Hamilton/lewham01.png.transform/1col/image.png,GBR,16.0,,,0 days 00:01:31.150000,,,,,,Yas Island,Q
50,O BEARMAN,BEA,bearman,Haas F1 Team,B6BABD,haas,Oliver,Bearman,Oliver Bearman,None,GBR,17.0,,,0 days 00:01:31.229000,,,,,,Yas Island,Q
43,F COLAPINTO,COL,colapinto,Williams,64C4FF,williams,Franco,Colapinto,Franco Colapinto,None,ARG,18.0,,,0 days 00:01:31.270000,,,,,,Yas Island,Q
27,N HULKENBERG,HUL,hulkenberg,Haas F1 Team,B6BABD,haas,Nico,Hulkenberg,Nico Hulkenberg,https://media.formula1.com/d_driver_fallback_image.png/content/dam/fom-website/drivers/N/NICHUL01_Nico_Hulkenberg/nichul01.png.transform/1col/image.png,GER,19.0,,,0 days 00:01:31.623000,,,,,,Yas Island,Q
24,G ZHOU,ZHO,zhou,Kick Sauber,52e252,sauber,Guanyu,Zhou,Guanyu Zhou,https://media.formula1.com/d_driver_fallback_image.png/content/dam/fom-website/drivers/G/GUAZHO01_Guanyu_Zhou/guazho01.png.transform/1col/image.png,CHN,20.0,,,0 days 00:01:32.263000,,,,,,Yas Island,Q
1,M VERSTAPPEN,VER,max_verstappen,Red Bull Racing,3671C6,red_bull,Max,Verstappen,Max Verstappen,https://media.formula1.com/d_driver_fallback_image.png/content/dam/fom-website/drivers/M/MAXVER01_Max_Verstappen/maxver01.png.transform/1col/image.png,NED,1.0,1,17.0,,,,0 days 02:06:54.430000,Finished,26.0,Yas Island,R
31,E OCON,OCO,ocon,Alpine,0093cc,alpine,Esteban,Ocon,Esteban Ocon,https://media.formula1.com/d_driver_fallback_image.png/content/dam/fom-website/drivers/E/ESTOCO01_Esteban_Ocon/estoco01.png.transform/1col/image.png,FRA,2.0,2,4.0,,,,0 days 00:00:19.477000,Finished,18.0,Yas Island,R
10,P GASLY,GAS,gasly,Alpine,0093cc,alpine,Pierre,Gasly,Pierre Gasly,https://media.formula1.com/d_driver_fallback_image.png/content/dam/fom-website/drivers/P/PIEGAS01_Pierre_Gasly/piegas01.png.transform/1col/image.png,FRA,3.0,3,13.0,,,,0 days 00:00:22.532000,Finished,15.0,Yas Island,R
63,G RUSSELL,RUS,russell,Mercedes,27F4D2,mercedes,George,Russell,George Russell,https://media.formula1.com/d_driver_fallback_image.png/content/dam/fom-website/drivers/G/GEORUS01_George_Russell/georus01.png.transform/1col/image.png,GBR,4.0,4,2.0,,,,0 days 00:00:23.265000,Finished,12.0,Yas Island,R
16,C LECLERC,LEC,leclerc,Ferrari,E80020,ferrari,Charles,Leclerc,Charles Leclerc,https://media.formula1.com/d_driver_fallback_image.png/content/dam/fom-website/drivers/C/CHALEC01_Charles_Leclerc/chalec01.png.transform/1col/image.png,MON,5.0,5,6.0,,,,0 days 00:00:30.177000,Finished,10.0,Yas Island,R
4,L NORRIS,NOR,norris,McLaren,FF8000,mclaren,Lando,Norris,Lando Norris,https://media.formula1.com/d_driver_fallback_image.png/content/dam/fom-website/drivers/L/LANNOR01_Lando_Norris/lannor01.png.transform/1col/image.png,GBR,6.0,6,1.0,,,,0 days 00:00:31.372000,Finished,8.0,Yas Island,R
22,Y TSUNODA,TSU,tsunoda,RB,6692FF,rb,Yuki,Tsunoda,Yuki Tsunoda,https://media.formula1.com/d_driver_fallback_image.png/content/dam/fom-website/drivers/Y/YUKTSU01_Yuki_Tsunoda/yuktsu01.png.transform/1col/image.png,JPN,7.0,7,3.0,,,,0 days 00:00:42.056000,Finished,6.0,Yas Island,R
81,O PIASTRI,PIA,piastri,McLaren,FF8000,mclaren,Oscar,Piastri,Oscar Piastri,https://media.formula1.com/d_driver_fallback_image.png/content/dam/fom-website/drivers/O/OSCPIA01_Oscar_Piastri/oscpia01.png.transform/1col/image.png,AUS,8.0,8,8.0,,,,0 days 00:00:44.943000,Finished,4.0,Yas Island,R
30,L LAWSON,LAW,lawson,RB,6692FF,rb,Liam,Lawson,Liam Lawson,None,NZL,9.0,9,5.0,,,,0 days 00:00:50.452000,Finished,2.0,Yas Island,R
44,L HAMILTON,HAM,hamilton,Mercedes,27F4D2,mercedes,Lewis,Hamilton,Lewis Hamilton,https://media.formula1.com/d_driver_fallback_image.png/content/dam/fom-website/drivers/L/LEWHAM01_Lewis_Hamilton/lewham01.png.transform/1col/image.png,GBR,10.0,10,14.0,,,,0 days 00:00:50.753000,Finished,1.0,Yas Island,R
11,S PEREZ,PER,perez,Red Bull Racing,3671C6,red_bull,Sergio,Perez,Sergio Perez,https://media.formula1.com/d_driver_fallback_image.png/content/dam/fom-website/drivers/S/SERPER01_Sergio_Perez/serper01.png.transform/1col/image.png,MEX,11.0,11,12.0,,,,0 days 00:00:51.531000,Finished,0.0,Yas Island,R
50,O BEARMAN,BEA,bearman,Haas F1 Team,B6BABD,haas,Oliver,Bearman,Oliver Bearman,None,GBR,12.0,12,15.0,,,,0 days 00:00:57.085000,Finished,0.0,Yas Island,R
77,V BOTTAS,BOT,bottas,Kick Sauber,52e252,sauber,Valtteri,Bottas,Valtteri Bottas,https://media.formula1.com/d_driver_fallback_image.png/content/dam/fom-website/drivers/V/VALBOT01_Valtteri_Bottas/valbot01.png.transform/1col/image.png,FIN,13.0,13,11.0,,,,0 days 00:01:03.588000,Finished,0.0,Yas Island,R
14,F ALONSO,ALO,alonso,Aston Martin,229971,aston_martin,Fernando,Alonso,Fernando Alonso,https://media.formula1.com/d_driver_fallback_image.png/content/dam/fom-website/drivers/F/FERALO01_Fernando_Alonso/feralo01.png.transform/1col/image.png,ESP,14.0,14,9.0,,,,0 days 00:01:18.049000,Finished,0.0,Yas Island,R
24,G ZHOU,ZHO,zhou,Kick Sauber,52e252,sauber,Guanyu,Zhou,Guanyu Zhou,https://media.formula1.com/d_driver_fallback_image.png/content/dam/fom-website/drivers/G/GUAZHO01_Guanyu_Zhou/guazho01.png.transform/1col/image.png,CHN,15.0,15,19.0,,,,0 days 00:01:19.649000,Finished,0.0,Yas Island,R
55,C SAINZ,SAI,sainz,Ferrari,E80020,ferrari,Carlos,Sainz,Carlos Sainz,https://media.formula1.com/d_driver_fallback_image.png/content/dam/fom-website/drivers/C/CARSAI01_Carlos_Sainz/carsai01.png.transform/1col/image.png,ESP,16.0,R,20.0,,,,,Retired,0.0,Yas Island,R
43,F COLAPINTO,COL,colapinto,Williams,64C4FF,williams,Franco,Colapinto,Franco Colapinto,None,ARG,17.0,R,16.0,,,,,Retired,0.0,Yas Island,R
23,A ALBON,ALB,albon,Williams,64C4FF,williams,Alexander,Albon,Alexander Albon,https://media.formula1.com/d_driver_fallback_image.png/content/dam/fom-website/drivers/A/ALEALB01_Alexander_Albon/alealb01.png.transform/1col/image.png,THA,18.0,W,7.0,,,,,Did not start,0.0,Yas Island,R
18,L STROLL,STR,stroll,Aston Martin,229971,aston_martin,Lance,Stroll,Lance Stroll,https://media.formula1.com/d_driver_fallback_image.png/content/dam/fom-website/drivers/L/LANSTR01_Lance_Stroll/lanstr01.png.transform/1col/image.png,CAN,19.0,W,10.0,,,,,Did not start,0.0,Yas Island,R
27,N HULKENBERG,HUL,hulkenberg,Haas F1 Team,B6BABD,haas,Nico,Hulkenberg,Nico Hulkenberg,https://media.formula1.com/d_driver_fallback_image.png/content/dam/fom-website/drivers/N/NICHUL01_Nico_Hulkenberg/nichul01.png.transform/1col/image.png,GER,20.0,D,18.0,,,,,Disqualified,0.0,Yas Island,R
